INSERT INTO `system` (`system_id`, `name`, `description`, `create_dttm`)
VALUES
  ('1', 'ActiveDirectory', '', '2017-05-05 12:00:00'),
  ('2', 'Slack', '', '2017-05-05 12:00:00'),
  ('3', 'SelectHR', '', '2017-05-05 12:00:00'),
  ('4', 'Confluence', '', '2017-05-05 12:00:00');


INSERT INTO `field_read_configuration` (`field_read_configuration_id`, `system_id`, `from_path`, `to_field_name`, `active`, `create_dttm`)
VALUES
  ('1', '1', '$.givenName', 'first_name', TRUE, '2017-05-05 12:00:00'),
  ('2', '1', '$.sAMAccountName', 'login', TRUE, '2017-05-05 12:00:00'),
  ('3', '1', '$.sn', 'last_name', TRUE, '2017-05-05 12:00:00'),
  ('4', '1', '$.whenChanged', 'updated_at', TRUE, '2017-05-05 12:00:00'),
  ('5', '1', '$.company', 'company', TRUE, '2017-05-05 12:00:00'),
  ('6', '1', '$.department', 'team', TRUE, '2017-05-05 12:00:00'),
  ('7', '1', '$.manager', 'manager', TRUE, '2017-05-05 12:00:00'),
  ('8', '1', '$.middleName', 'middle_name', TRUE, '2017-05-05 12:00:00'),
  ('9', '1', '$.mobile', 'mobile_phone_number', TRUE, '2017-05-05 12:00:00'),
  ('10', '1', '$.telephoneNumber', 'work_phone_number', TRUE, '2017-05-05 12:00:00'),
  ('11', '1', '$.cn', 'display_name', TRUE, '2017-05-05 12:00:00'),
  ('12', '1', '$.co', 'country', TRUE, '2017-05-05 12:00:00'),
  ('13', '1', '$.distinguishedName', 'ad_path', TRUE, '2017-05-05 12:00:00'),
  ('14', '1', '$.facsimileTelephoneNumber', 'fax', TRUE, '2017-05-05 12:00:00'),
  ('15', '1', '$.thumbnailPhoto', 'photo', TRUE, '2017-05-05 12:00:00'),
  ('16', '1', '$.physicalDeliveryOfficeName', 'desk_number', TRUE, '2017-05-05 12:00:00'),
  ('17', '1', '$.postalCode', 'post_code', TRUE, '2017-05-05 12:00:00'),
  ('18', '1', '$.l', 'city', TRUE, '2017-05-05 12:00:00'),
  ('19', '1', '$.streetAddress', 'street', TRUE, '2017-05-05 12:00:00'),
  ('20', '1', '$.title', 'job_title', TRUE, '2017-05-05 12:00:00'),
  ('21', '1', '$.wWWHomePage', 'home_page', TRUE, '2017-05-05 12:00:00'),

  ('22', '2', '$.user.profile.email', 'email', TRUE, '2017-05-05 12:00:00'),
  ('23', '2', '$.user.profile.real_name', 'display_name', TRUE, '2017-05-05 12:00:00'),
  ('24', '2', '$.user.profile.first_name', 'first_name', TRUE, '2017-05-05 12:00:00'),
  ('25', '2', '$.user.profile.last_name', 'last_name', TRUE, '2017-05-05 12:00:00'),
  ('26', '2', '$.user.updated', 'updated_at', TRUE, '2017-05-05 12:00:00'),
  ('27', '2', '$.user.profile.title', 'what_do', TRUE, '2017-05-05 12:00:00'),
  ('28', '2', '$.user.profile.phone', 'work_phone_number', TRUE, '2017-05-05 12:00:00'),
  ('29', '2', '$.user.profile.skype', 'skype', TRUE, '2017-05-05 12:00:00'),
  ('30', '2', '$.user.profile.status_text', 'status', TRUE, '2017-05-05 12:00:00'),
  ('31', '2', '$.user.profile.image_192', 'photo', TRUE, '2017-05-05 12:00:00'),
  ('32', '2', '$.user.profile.fields.Xf9PRT2Z5W.value', 'linked_in', TRUE, '2017-05-05 12:00:00'),
  ('33', '2', '$.user.profile.fields.Xf9QCRHNM9.value', 'manager', TRUE, '2017-05-05 12:00:00'),
  ('34', '2', '$.user.profile.fields.Xf9QEWUH8C.value', 'job_title', TRUE, '2017-05-05 12:00:00'),
  ('35', '2', '$.user.profile.fields.Xf9QFSL2D8.value', 'mobile_phone_number', TRUE, '2017-05-05 12:00:00'),

  ('36', '3', '$.first_name', 'first_name', TRUE, '2017-05-05 12:00:00'),
  ('37', '3', '$.surname', 'last_name', TRUE, '2017-05-05 12:00:00'),
  ('38', '3', '$.mobile_phone_number', 'mobile_phone_number', TRUE, '2017-05-05 12:00:00'),
  ('39', '3', '$.e-mail', 'email', TRUE, '2017-05-05 12:00:00'),
  ('40', '3', '$.person_number', 'person_number', TRUE, '2017-05-05 12:00:00'),
  ('41', '3', '$.updated_at', 'updated_at', TRUE, '2017-05-05 12:00:00'),
  ('42', '3', '$.second_name', 'middle_name', TRUE, '2017-05-05 12:00:00'),
  ('43', '3', '$.end_date', 'end_date', TRUE, '2017-05-05 12:00:00'),
  ('44', '3', '$.title', 'title', TRUE, '2017-05-05 12:00:00'),
  ('45', '3', '$.work_phone_number', 'work_phone_number', TRUE, '2017-05-05 12:00:00'),
  ('46', '3', '$.biography', 'description', TRUE, '2017-05-05 12:00:00'),
  ('47', '3', '$.salutation', 'salutation', TRUE, '2017-05-05 12:00:00'),
  ('48', '3', '$.post_name', 'job_title', TRUE, '2017-05-05 12:00:00'),
  ('49', '3', '$.manager_name', 'manager', TRUE, '2017-05-05 12:00:00'),
  ('50', '3', '$.unit_name', 'team', TRUE, '2017-05-05 12:00:00'),
  ('51', '3', '$.photo', 'photo', TRUE, '2017-05-05 12:00:00');


INSERT INTO `field_write_configuration` (`field_write_configuration_id`, `system_id`, `from_field_name`, `to_path`, `active`, `create_dttm`)
VALUES
  ('1', '1', 'first_name', '$.givenName', TRUE, '2017-05-05 12:00:00'),
  ('2', '1', 'login', '$.userPrincipalName', TRUE, '2017-05-05 12:00:00'),
  ('3', '1', 'last_name', '$.sn', TRUE, '2017-05-05 12:00:00'),
  ('4', '1', 'updated_at', '$.whenChanged', TRUE, '2017-05-05 12:00:00'),
  ('5', '1', 'comment', '$.comment', TRUE, '2017-05-05 12:00:00'),
  ('6', '1', 'company', '$.company', TRUE, '2017-05-05 12:00:00'),
  ('7', '1', 'team', '$.department', TRUE, '2017-05-05 12:00:00'),
  ('8', '1', 'description', '$.description', TRUE, '2017-05-05 12:00:00'),
  ('9', '1', 'home_phone_number', '$.homePhone', TRUE, '2017-05-05 12:00:00'),
  ('10', '1', 'initials', '$.initials', TRUE, '2017-05-05 12:00:00'),
  ('11', '1', 'manager', '$.manager', TRUE, '2017-05-05 12:00:00'),
  ('12', '1', 'middle_name', '$.middleName', TRUE, '2017-05-05 12:00:00'),
  ('13', '1', 'mobile_phone_number', '$.mobile', TRUE, '2017-05-05 12:00:00'),
  ('14', '1', 'work_phone_number', '$.telephoneNumber', TRUE, '2017-05-05 12:00:00'),
  ('15', '1', 'country_cd', '$.c', TRUE, '2017-05-05 12:00:00'),
  ('16', '1', 'display_name', '$.cn', TRUE, '2017-05-05 12:00:00'),
  ('17', '1', 'country', '$.co', TRUE, '2017-05-05 12:00:00'),
  ('18', '1', 'country_code', '$.countryCode', TRUE, '2017-05-05 12:00:00'),
  ('19', '1', 'department_num', '$.departmentNumber', TRUE, '2017-05-05 12:00:00'),
  ('20', '1', 'fax', '$.facsimileTelephoneNumber', TRUE, '2017-05-05 12:00:00'),
  ('21', '1', 'office_address', '$.physicalDeliveryOfficeName', TRUE, '2017-05-05 12:00:00'),
  ('22', '1', 'post_code', '$.postOfficeBox', TRUE, '2017-05-05 12:00:00'),
  ('23', '1', 'city', '$.st', TRUE, '2017-05-05 12:00:00'),
  ('24', '1', 'street', '$.streetAddress', TRUE, '2017-05-05 12:00:00'),
  ('25', '1', 'job_title', '$.title', TRUE, '2017-05-05 12:00:00'),
  ('26', '1', 'home_page', '$.wWWHomePage', TRUE, '2017-05-05 12:00:00'),

  ('27', '2', 'email', '$.profile.email', TRUE, '2017-05-05 12:00:00'),
  ('28', '2', 'name', '$.profile.real_name', TRUE, '2017-05-05 12:00:00'),
  ('29', '2', 'first_name', '$.profile.first_name', TRUE, '2017-05-05 12:00:00'),
  ('30', '2', 'last_name', '$.profile.last_name', TRUE, '2017-05-05 12:00:00'),
  ('31', '2', 'updated_at', '$.profile.updated', TRUE, '2017-05-05 12:00:00'),
  ('33', '2', 'work_phone_number', '$.profile.phone', TRUE, '2017-05-05 12:00:00'),
  ('34', '2', 'skype', '$.profile.skype', TRUE, '2017-05-05 12:00:00'),
  ('35', '2', 'linked_in', '$.profile.fields.Xf9PRT2Z5W.value', TRUE, '2017-05-05 12:00:00'),
  ('36', '2', 'manager', '$.profile.fields.Xf9QCRHNM9.value', TRUE, '2017-05-05 12:00:00'),
  ('37', '2', 'job_title', '$.profile.fields.Xf9QEWUH8C.value', TRUE, '2017-05-05 12:00:00'),
  ('38', '2', 'mobile_phone_number', '$.profile.fields.Xf9QFSL2D8.value', TRUE, '2017-05-05 12:00:00'),

  ('39', '3', 'first_name', '$.first_name', TRUE, '2017-05-05 12:00:00'),
  ('40', '3', 'last_name', '$.surname', TRUE, '2017-05-05 12:00:00'),
  ('41', '3', 'gender', '$.gender', TRUE, '2017-05-05 12:00:00'),
  ('42', '3', 'mobile_phone_number', '$.mobile_phone_number', TRUE, '2017-05-05 12:00:00'),
  ('43', '3', 'email', '$.e-mail', TRUE, '2017-05-05 12:00:00'),
  ('44', '3', 'work_phone_number', '$.work_phone_number', TRUE, '2017-05-05 12:00:00'),
  ('45', '3', 'person_number', '$.person_number', TRUE, '2017-05-05 12:00:00'),
  ('46', '3', 'biography', '$.biography', TRUE, '2017-05-05 12:00:00'),
  ('47', '3', 'salutation', '$.salutation', TRUE, '2017-05-05 12:00:00');


